id_idx,label
0,5
1,0
2,1
3,0
4,3
5,1
6,0
7,3
8,1
9,4
10,0
11,4
12,4
13,5
14,3
15,2
16,0
17,5
18,0
19,0
20,2
21,0
22,5
23,1
24,0
25,1
26,3
27,1
28,4
29,2
30,4
31,4
32,5
33,0
34,4
35,4
36,4
37,0
38,2
39,5
40,5
41,3
42,0
43,4
44,0
45,0
46,2
47,4
48,0
49,5
50,4
51,0
52,3
53,4
54,4
55,0
56,1
57,3
58,5
59,0
60,0
61,5
62,5
63,4
64,0
65,0
66,5
67,5
68,5
69,2
70,5
71,0
72,3
73,5
74,3
75,5
76,4
77,2
78,1
79,5
80,0
81,5
82,0
83,0
84,1
85,1
86,0
87,5
88,0
89,2
90,0
91,4
92,2
93,1
94,0
95,0
96,0
97,0
98,2
99,5
100,4
101,0
102,4
103,5
104,3
105,3
106,4
107,0
108,1
109,4
110,3
111,2
112,4
113,5
114,1
115,0
116,0
117,4
118,0
119,4
120,4
121,0
122,0
123,0
124,0
125,0
126,2
127,0
128,5
129,4
130,3
131,4
132,4
133,1
134,1
135,4
136,1
137,5
138,1
139,0
140,0
141,4
142,0
143,5
144,5
145,2
146,4
147,5
148,3
149,0
150,1
151,4
152,3
153,0
154,4
155,5
156,4
157,4
158,5
159,4
160,4
161,1
162,5
163,1
164,4
165,4
166,1
167,2
168,2
169,0
170,0
171,1
172,1
173,4
174,1
175,2
176,1
177,4
178,4
179,1
180,4
181,4
182,3
183,1
184,3
185,0
186,4
187,4
188,1
189,0
190,0
191,5
192,5
193,4
194,5
195,5
196,1
197,3
198,1
199,0
200,4
201,1
202,4
203,5
204,1
205,0
206,2
207,1
208,0
209,5
210,4
211,5
212,1
213,2
214,0
215,0
216,0
217,2
218,3
219,5
220,4
221,0
222,0
223,5
224,0
225,5
226,2
227,5
228,0
229,0
230,2
231,4
232,5
233,1
234,2
235,4
236,5
237,5
238,2
239,5
240,3
241,1
242,5
243,4
244,2
245,2
246,4
247,3
248,0
249,4
250,0
251,1
252,3
253,1
254,0
255,4
256,4
257,0
258,4
259,4
260,1
261,4
262,5
263,5
264,0
265,3
266,4
267,0
268,0
269,1
270,4
271,4
272,1
273,4
274,5
275,0
276,1
277,1
278,2
279,0
280,4
281,4
282,4
283,4
284,2
285,1
286,0
287,0
288,4
289,5
290,5
291,0
292,0
293,4
294,0
295,4
296,0
297,0
298,0
299,5
300,5
301,0
302,4
303,0
304,0
305,4
306,4
307,2
308,4
309,4
310,0
311,5
312,4
313,5
314,3
315,2
316,5
317,0
318,5
319,1
320,0
321,3
322,0
323,1
324,4
325,0
326,0
327,5
328,0
329,5
330,1
331,2
332,4
333,5
334,4
335,0
336,0
337,1
338,4
339,1
340,5
341,5
342,1
343,5
344,4
345,2
346,0
347,2
348,0
349,1
350,5
351,4
352,0
353,2
354,0
355,0
356,0
357,5
358,4
359,3
360,4
361,0
362,1
363,0
364,4
365,4
366,4
367,0
368,0
369,4
370,2
371,4
372,5
373,5
374,1
375,4
376,1
377,2
378,5
379,4
380,1
381,5
382,0
383,5
384,4
385,5
386,5
387,2
388,0
389,5
390,4
391,5
392,0
393,3
394,3
395,3
396,1
397,1
398,4
399,0
400,0
401,2
402,4
403,4
404,2
405,4
406,2
407,4
408,0
409,4
410,4
411,5
412,4
413,5
414,5
415,2
416,1
417,1
418,4
419,4
420,4
421,0
422,2
423,0
424,1
425,5
426,3
427,2
428,5
429,2
430,1
431,4
432,1
433,4
434,4
435,0
436,4
437,1
438,4
439,4
440,2
441,0
442,3
443,5
444,4
445,0
446,4
447,4
448,4
449,5
450,5
451,0
452,0
453,4
454,0
455,5
456,4
457,4
458,3
459,4
460,5
461,1
462,1
463,0
464,5
465,5
466,1
467,3
468,1
469,1
470,4
471,4
472,0
473,1
474,4
475,3
476,3
477,5
478,5
479,0
480,0
481,4
482,0
483,0
484,4
485,5
486,3
487,3
488,3
489,3
490,0
491,1
492,0
493,5
494,5
495,4
496,0
497,5
498,1
499,0
500,2
501,4
502,0
503,0
504,5
505,1
506,4
507,4
508,1
509,4
510,4
511,1
512,5
513,4
514,2
515,3
516,3
517,1
518,0
519,0
520,4
521,0
522,0
523,3
524,4
525,0
526,0
527,0
528,1
529,3
530,5
531,1
532,4
533,4
534,1
535,0
536,4
537,0
538,4
539,2
540,2
541,1
542,4
543,4
544,5
545,5
546,0
547,4
548,0
549,4
550,5
551,2
552,0
553,5
554,5
555,0
556,5
557,5
558,5
559,1
560,4
561,5
562,2
563,3
564,0
565,4
566,0
567,1
568,0
569,2
570,5
571,5
572,4
573,2
574,3
575,2
576,0
577,0
578,4
579,1
580,4
581,0
582,4
583,0
584,0
585,2
586,0
587,1
588,1
589,4
590,5
591,0
592,4
593,4
594,0
595,1
596,0
597,2
598,2
599,0
600,5
601,4
602,2
603,1
604,3
605,5
606,4
607,1
608,2
609,0
610,0
611,2
612,1
613,0
614,1
615,4
616,4
617,4
618,0
619,4
620,0
621,5
622,0
623,4
624,4
625,1
626,3
627,1
628,1
629,5
630,0
631,2
632,4
633,0
634,2
635,4
636,3
637,3
638,0
639,4
640,4
641,1
642,5
643,4
644,5
645,2
646,5
647,0
648,0
649,4
650,4
651,5
652,1
653,4
654,2
655,0
656,0
657,0
658,1
659,5
660,1
661,4
662,4
663,2
664,0
665,0
666,0
667,0
668,3
669,4
670,0
671,5
672,0
673,5
674,4
675,5
676,5
677,2
678,4
679,2
680,2
681,1
682,1
683,0
684,1
685,2
686,4
687,4
688,4
689,1
690,1
691,4
692,4
693,1
694,0
695,0
696,4
697,1
698,5
699,0
700,5
701,1
702,4
703,4
704,0
705,1
706,1
707,1
708,4
709,0
710,4
711,0
712,0
713,1
714,0
715,0
716,4
717,4
718,4
719,0
720,1
721,5
722,4
723,0
724,0
725,3
726,3
727,2
728,5
729,0
730,3
731,0
732,0
733,1
734,2
735,5
736,4
737,0
738,0
739,5
740,1
741,2
742,5
743,0
744,0
745,0
746,1
747,1
748,0
749,1
750,0
751,0
752,0
753,3
754,4
755,0
756,5
757,4
758,4
759,0
760,1
761,0
762,3
763,4
764,4
765,5
766,2
767,1
768,4
769,2
770,5
771,0
772,0
773,4
774,1
775,0
776,4
777,3
778,0
779,3
780,0
781,5
782,1
783,0
784,2
785,3
786,1
787,0
788,5
789,1
790,3
791,4
792,5
793,3
794,3
795,1
796,5
797,3
798,2
799,5
800,0
801,0
802,4
803,1
804,4
805,0
806,4
807,0
808,1
809,2
810,4
811,4
812,1
813,4
814,0
815,0
816,5
817,5
818,0
819,5
820,5
821,3
822,1
823,4
824,4
825,4
826,0
827,0
828,3
829,3
830,5
831,1
832,0
833,3
834,0
835,0
836,4
837,0
838,2
839,2
840,0
841,2
842,4
843,1
844,1
845,0
846,1
847,0
848,0
849,4
850,5
851,5
852,4
853,0
854,4
855,4
856,0
857,4
858,4
859,3
860,2
861,0
862,0
863,3
864,5
865,4
866,3
867,0
868,0
869,5
870,4
871,1
872,5
873,5
874,3
875,0
876,4
877,0
878,4
879,0
880,1
881,4
882,2
883,0
884,4
885,1
886,0
887,5
888,0
889,4
890,4
891,4
892,5
893,0
894,0
895,0
896,5
897,5
898,0
899,0
900,2
901,0
902,3
903,0
904,5
905,0
906,0
907,0
908,2
909,4
910,4
911,4
912,3
913,4
914,0
915,2
916,1
917,0
918,4
919,0
920,4
921,5
922,0
923,2
924,3
925,5
926,0
927,1
928,2
929,2
930,0
931,3
932,1
933,4
934,0
935,3
936,4
937,4
938,4
939,0
940,2
941,5
942,0
943,2
944,0
945,0
946,0
947,1
948,3
949,0
950,4
951,1
952,1
953,4
954,0
955,4
956,1
957,5
958,3
959,1
960,3
961,5
962,1
963,1
964,0
965,0
966,3
967,0
968,3
969,2
970,1
971,3
972,3
973,5
974,0
975,5
976,1
977,5
978,2
979,4
980,3
981,0
982,0
983,0
984,4
985,4
986,4
987,4
988,4
989,1
990,0
991,1
992,5
993,5
994,0
995,2
996,0
997,4
998,0
999,3
1000,1
1001,5
1002,5
1003,4
1004,4
1005,4
1006,4
1007,0
1008,4
1009,0
1010,3
1011,4
1012,3
1013,5
1014,0
1015,0
1016,1
1017,4
1018,0
1019,0
1020,0
1021,0
1022,0
1023,4
1024,0
1025,3
1026,2
1027,0
1028,1
1029,4
1030,5
1031,3
1032,2
1033,4
1034,1
1035,4
1036,2
1037,2
1038,0
1039,4
1040,2
1041,0
1042,4
1043,1
1044,5
1045,0
1046,4
1047,5
1048,2
1049,0
1050,1
1051,2
1052,0
1053,5
1054,5
1055,4
1056,0
1057,0
1058,0
1059,0
1060,1
1061,0
1062,0
1063,2
1064,1
1065,0
1066,1
1067,1
1068,4
1069,1
1070,4
1071,3
1072,3
1073,5
1074,2
1075,4
1076,3
1077,1
1078,1
1079,4
1080,2
1081,2
1082,5
1083,0
1084,0
1085,0
1086,3
1087,1
1088,0
1089,4
1090,1
1091,4
1092,2
1093,0
1094,4
1095,4
1096,2
1097,5
1098,4
1099,5
1100,0
1101,0
1102,5
1103,0
1104,1
1105,0
1106,4
1107,0
1108,1
1109,2
1110,1
1111,3
1112,0
1113,4
1114,0
1115,4
1116,4
1117,0
1118,4
1119,0
1120,1
1121,2
1122,2
1123,0
1124,5
1125,3
1126,0
1127,4
1128,0
1129,0
1130,1
1131,1
1132,3
1133,4
1134,2
1135,4
1136,5
1137,4
1138,5
1139,1
1140,0
1141,4
1142,5
1143,4
1144,0
1145,4
1146,0
1147,3
1148,4
1149,5
1150,0
1151,0
1152,0
1153,4
1154,0
1155,0
1156,1
1157,1
1158,0
1159,0
1160,4
1161,4
1162,5
1163,1
1164,3
1165,0
1166,5
1167,1
1168,4
1169,3
1170,2
1171,4
1172,4
1173,3
1174,5
1175,0
1176,1
1177,0
1178,5
1179,3
1180,0
1181,1
1182,0
1183,2
1184,1
1185,4
1186,0
1187,2
1188,4
1189,0
1190,4
1191,2
1192,1
1193,5
1194,5
1195,0
1196,4
1197,0
1198,3
1199,4
1200,2
1201,5
1202,0
1203,4
1204,0
1205,1
1206,5
1207,2
1208,4
1209,5
1210,0
1211,4
1212,4
1213,4
1214,0
1215,4
1216,1
1217,0
1218,4
1219,4
1220,4
1221,1
1222,1
1223,5
1224,5
1225,5
1226,4
1227,2
1228,0
1229,0
1230,0
1231,5
1232,0
1233,5
1234,4
1235,5
1236,0
1237,1
1238,2
1239,4
1240,1
1241,5
1242,5
1243,0
1244,0
1245,4
1246,0
1247,0
1248,0
1249,1
1250,3
1251,4
1252,3
1253,0
1254,4
1255,0
1256,0
1257,0
1258,1
1259,0
1260,4
1261,5
1262,0
1263,1
1264,4
1265,0
1266,1
1267,4
1268,2
1269,2
1270,4
1271,4
1272,0
1273,5
1274,5
1275,4
1276,1
1277,0
1278,0
1279,4
1280,4
1281,0
1282,1
1283,4
1284,5
1285,2
1286,1
1287,0
1288,1
1289,4
1290,3
1291,0
1292,5
1293,4
1294,1
1295,1
1296,1
1297,4
1298,4
1299,4
1300,4
1301,2
1302,5
1303,3
1304,5
1305,4
1306,1
1307,1
1308,4
1309,1
1310,1
1311,5
1312,1
1313,5
1314,2
1315,5
1316,5
1317,4
1318,5
1319,5
1320,5
1321,0
1322,5
1323,4
1324,1
1325,0
1326,5
1327,0
1328,2
1329,0
1330,4
1331,0
1332,0
1333,3
1334,3
1335,0
1336,5
1337,4
1338,4
1339,1
1340,4
1341,0
1342,0
1343,5
1344,4
1345,0
1346,5
1347,5
1348,0
1349,4
1350,0
1351,0
1352,4
1353,5
1354,2
1355,4
1356,0
1357,4
1358,1
1359,0
1360,5
1361,4
1362,2
1363,0
1364,4
1365,5
1366,2
1367,2
1368,5
1369,1
1370,3
1371,0
1372,3
1373,0
1374,0
1375,1
1376,3
1377,0
1378,0
1379,1
1380,0
1381,1
1382,5
1383,5
1384,3
1385,3
1386,0
1387,0
1388,0
1389,5
1390,0
1391,0
1392,2
1393,3
1394,4
1395,2
1396,0
1397,1
1398,0
1399,0
1400,0
1401,1
1402,0
1403,3
1404,1
1405,1
1406,0
1407,5
1408,2
1409,5
1410,4
1411,1
1412,2
1413,0
1414,0
1415,2
1416,0
1417,4
1418,4
1419,4
1420,2
1421,4
1422,1
1423,0
1424,0
1425,5
1426,4
1427,2
1428,5
1429,4
1430,1
1431,4
1432,5
1433,2
1434,2
1435,5
1436,1
1437,5
1438,5
1439,3
1440,2
1441,2
1442,5
1443,2
1444,0
1445,2
1446,0
1447,0
1448,1
1449,5
1450,1
1451,1
1452,5
1453,0
1454,2
1455,1
1456,2
1457,1
1458,5
1459,5
1460,2
1461,2
1462,0
1463,4
1464,4
1465,0
1466,5
1467,0
1468,3
1469,4
1470,5
1471,0
1472,0
1473,0
1474,0
1475,1
1476,5
1477,2
1478,3
1479,0
1480,0
1481,3
1482,5
1483,1
1484,4
1485,0
1486,1
1487,5
1488,2
1489,0
1490,4
1491,4
1492,0
1493,4
1494,4
1495,0
1496,5
1497,4
1498,0
1499,5
1500,0
1501,2
1502,0
1503,1
1504,1
1505,5
1506,1
1507,0
1508,0
1509,4
1510,4
1511,5
1512,1
1513,1
1514,1
1515,0
1516,4
1517,1
1518,4
1519,5
1520,5
1521,5
1522,4
1523,4
1524,5
1525,3
1526,4
1527,0
1528,1
1529,1
1530,1
1531,0
1532,3
1533,3
1534,5
1535,4
1536,5
1537,5
1538,0
1539,4
1540,0
1541,0
1542,1
1543,5
1544,4
1545,0
1546,0
1547,5
1548,3
1549,0
1550,4
1551,3
1552,4
1553,1
1554,4
1555,0
1556,0
1557,0
1558,0
1559,4
1560,1
1561,2
1562,0
1563,2
1564,4
1565,4
1566,2
1567,0
1568,3
1569,0
1570,4
1571,0
1572,0
1573,0
1574,4
1575,4
1576,5
1577,0
1578,0
1579,0
1580,0
1581,2
1582,0
1583,4
1584,2
1585,2
1586,4
1587,0
1588,2
1589,4
1590,4
1591,0
1592,2
1593,4
1594,2
1595,4
1596,1
1597,4
1598,0
1599,2
1600,1
1601,1
1602,4
1603,0
1604,4
1605,4
1606,0
1607,0
1608,0
1609,4
1610,2
1611,1
1612,5
1613,0
1614,4
1615,5
1616,0
1617,4
1618,3
1619,5
1620,5
1621,5
1622,0
1623,4
1624,0
1625,2
1626,2
1627,5
1628,0
1629,1
1630,4
1631,2
1632,5
1633,0
1634,1
1635,2
1636,0
1637,0
1638,5
1639,0
1640,0
1641,4
1642,3
1643,4
1644,2
1645,0
1646,0
1647,0
1648,4
1649,0
1650,4
1651,0
1652,1
1653,0
1654,4
1655,5
1656,5
1657,3
1658,5
1659,2
1660,5
1661,1
1662,4
1663,0
1664,2
1665,4
1666,4
1667,0
1668,4
1669,5
1670,0
1671,2
1672,4
1673,0
1674,0
1675,1
1676,1
1677,0
1678,3
1679,4
1680,0
1681,2
1682,4
1683,5
1684,2
1685,3
1686,3
1687,5
1688,0
1689,0
1690,1
1691,2
1692,0
1693,0
1694,1
1695,1
1696,3
1697,4
1698,1
1699,0
1700,2
1701,2
1702,0
1703,0
1704,0
1705,5
1706,0
1707,0
1708,2
1709,0
1710,4
1711,5
1712,0
1713,5
1714,5
1715,2
1716,5
1717,0
1718,5
1719,4
1720,5
1721,2
1722,3
1723,4
1724,0
1725,3
1726,0
1727,1
1728,0
1729,1
1730,4
1731,0
1732,0
1733,5
1734,1
1735,4
1736,5
1737,2
1738,2
1739,0
1740,1
1741,5
1742,0
1743,2
1744,5
1745,5
1746,0
1747,5
1748,2
1749,0
1750,1
1751,3
1752,1
1753,0
1754,4
1755,4
1756,0
1757,5
1758,1
1759,5
1760,1
1761,5
1762,5
1763,4
1764,2
1765,4
1766,2
1767,3
1768,0
1769,1
1770,1
1771,1
1772,1
1773,0
1774,1
1775,4
1776,5
1777,2
1778,2
1779,1
1780,0
1781,2
1782,1
1783,0
1784,2
1785,4
1786,2
1787,0
1788,0
1789,4
1790,0
1791,2
1792,5
1793,5
1794,4
1795,5
1796,0
1797,0
1798,0
1799,3
1800,4
1801,1
1802,4
1803,0
1804,0
1805,1
1806,4
1807,4
1808,2
1809,1
1810,4
1811,1
1812,5
1813,1
1814,0
1815,2
1816,4
1817,4
1818,1
1819,0
1820,4
1821,3
1822,2
1823,4
1824,5
1825,2
1826,1
1827,2
1828,1
1829,4
1830,5
1831,4
1832,4
1833,4
1834,4
1835,1
1836,4
1837,3
1838,1
1839,4
1840,4
1841,3
1842,1
1843,2
1844,3
1845,0
1846,4
1847,3
1848,0
1849,3
1850,0
1851,0
1852,1
1853,0
1854,4
1855,4
1856,3
1857,3
1858,0
1859,0
1860,0
1861,4
1862,0
1863,3
1864,2
1865,2
1866,4
1867,0
1868,3
1869,0
1870,2
1871,3
1872,2
1873,4
1874,2
1875,4
1876,2
1877,1
1878,5
1879,4
1880,4
1881,0
1882,4
1883,0
1884,5
1885,4
1886,1
1887,0
1888,4
1889,1
1890,2
1891,0
1892,0
1893,4
1894,3
1895,4
1896,3
1897,0
1898,0
1899,4
1900,2
1901,0
1902,5
1903,0
1904,4
1905,5
1906,4
1907,1
1908,2
1909,1
1910,0
1911,2
1912,0
1913,4
1914,4
1915,5
1916,2
1917,0
1918,2
1919,4
1920,4
1921,2
1922,4
1923,0
1924,4
1925,4
1926,4
1927,5
1928,0
1929,5
1930,1
1931,5
1932,4
1933,0
1934,5
1935,3
1936,1
1937,0
1938,5
1939,4
1940,0
1941,4
1942,4
1943,4
1944,4
1945,4
1946,0
1947,3
1948,0
1949,0
1950,4
1951,1
1952,0
1953,5
1954,2
1955,3
1956,1
1957,4
1958,4
1959,4
1960,1
1961,5
1962,4
1963,4
1964,5
1965,5
1966,5
1967,0
1968,5
1969,5
1970,0
1971,0
1972,0
1973,0
1974,4
1975,2
1976,3
1977,0
1978,5
1979,5
1980,0
1981,0
1982,0
1983,0
1984,4
1985,4
1986,4
1987,4
1988,0
1989,5
1990,3
1991,5
1992,0
1993,5
1994,2
1995,5
1996,2
1997,5
1998,4
1999,3
2000,4
2001,2
2002,5
2003,1
2004,1
2005,2
2006,1
2007,4
2008,0
2009,5
2010,0
2011,3
2012,3
2013,4
2014,5
2015,4
2016,0
2017,0
2018,1
2019,0
2020,2
2021,0
2022,0
2023,5
2024,0
2025,0
2026,4
2027,2
2028,0
2029,4
2030,5
2031,0
2032,1
2033,0
2034,1
2035,4
2036,5
2037,5
2038,0
2039,3
2040,2
2041,2
2042,0
2043,0
2044,0
2045,5
2046,4
2047,3
2048,0
2049,4
2050,4
2051,1
2052,0
2053,3
2054,5
2055,0
2056,0
2057,0
2058,0
2059,0
2060,5
2061,3
2062,3
2063,4
2064,0
2065,1
2066,4
2067,5
2068,1
2069,1
2070,0
2071,1
2072,4
2073,3
2074,4
2075,0
2076,4
2077,3
2078,2
2079,1
2080,1
2081,3
2082,1
2083,1
2084,4
2085,5
2086,0
2087,4
2088,4
2089,2
2090,2
2091,4
2092,0
2093,1
2094,3
2095,1
2096,1
2097,1
2098,5
2099,2
2100,4
2101,0
2102,0
2103,3
2104,5
2105,2
2106,0
2107,2
2108,1
2109,2
2110,1
2111,4
2112,5
2113,2
2114,4
2115,5
2116,0
2117,0
2118,1
2119,0
2120,5
2121,3
2122,3
2123,0
2124,5
2125,0
2126,5
2127,0
2128,3
2129,4
2130,1
2131,5
2132,1
2133,1
2134,5
2135,1
2136,1
2137,5
2138,4
2139,1
2140,4
2141,0
2142,4
2143,0
2144,3
2145,4
2146,0
2147,5
2148,1
2149,5
2150,3
2151,4
2152,2
2153,2
2154,5
2155,4
2156,0
2157,1
2158,4
2159,0
2160,5
2161,4
2162,2
2163,0
2164,4
2165,5
2166,0
2167,0
2168,4
2169,0
2170,4
2171,2
2172,0
2173,0
2174,1
2175,2
2176,0
2177,0
2178,5
2179,1
2180,2
2181,4
2182,4
2183,4
2184,0
2185,1
2186,4
2187,4
2188,4
2189,2
2190,0
2191,3
2192,5
2193,0
2194,4
2195,2
2196,0
2197,1
2198,5
2199,0
2200,1
2201,2
2202,1
2203,0
2204,4
2205,1
2206,0
2207,4
2208,3
2209,2
2210,0
2211,5
2212,4
2213,4
2214,3
2215,2
2216,2
2217,4
2218,4
2219,0
2220,5
2221,3
2222,4
2223,0
2224,2
2225,0
2226,0
2227,0
2228,1
2229,1
2230,1
2231,0
2232,2
2233,3
2234,0
2235,2
2236,0
2237,5
2238,2
2239,0
2240,5
2241,4
2242,0
2243,4
2244,5
2245,3
2246,0
2247,4
2248,1
2249,4
2250,0
2251,0
2252,2
2253,5
2254,0
2255,0
2256,0
2257,5
2258,5
2259,5
2260,0
2261,5
2262,1
2263,0
2264,4
2265,1
2266,0
2267,5
2268,0
2269,4
2270,0
2271,2
2272,0
2273,4
2274,1
2275,0
2276,1
2277,0
2278,5
2279,0
2280,5
2281,2
2282,5
2283,2
2284,2
2285,2
2286,0
2287,1
2288,5
2289,0
2290,3
2291,4
2292,0
2293,0
2294,0
2295,0
2296,0
2297,4
2298,0
2299,4
2300,3
2301,0
2302,0
2303,4
2304,4
2305,0
2306,3
2307,0
2308,1
2309,2
2310,0
2311,0
2312,2
2313,1
2314,5
2315,2
2316,0
2317,3
2318,5
2319,4
2320,1
2321,0
2322,0
2323,4
2324,5
2325,1
2326,1
2327,0
2328,0
2329,0
2330,4
2331,4
2332,4
2333,5
2334,4
2335,4
2336,4
2337,4
2338,0
2339,1
2340,4
2341,0
2342,4
2343,2
2344,2
2345,5
2346,5
2347,4
2348,4
2349,0
2350,1
2351,3
2352,0
2353,5
2354,0
2355,0
2356,4
2357,3
2358,4
2359,4
2360,4
2361,0
2362,1
2363,1
2364,5
2365,5
2366,2
2367,2
2368,4
2369,1
2370,0
2371,5
2372,5
2373,0
2374,1
2375,0
2376,0
2377,1
2378,2
2379,1
2380,0
2381,1
2382,5
2383,0
2384,4
2385,4
2386,0
2387,1
2388,0
2389,0
2390,5
2391,3
2392,5
2393,3
2394,4
2395,4
2396,0
2397,0
2398,0
2399,0
2400,0
2401,0
2402,4
2403,5
2404,4
2405,0
2406,3
2407,1
2408,3
2409,5
2410,5
2411,0
2412,0
2413,5
2414,0
2415,3
2416,0
2417,2
2418,3
2419,2
2420,4
2421,0
2422,5
2423,0
2424,4
2425,3
2426,3
2427,0
2428,5
2429,4
2430,4
2431,4
2432,2
2433,4
2434,4
2435,5
2436,5
2437,5
2438,0
2439,1
2440,5
2441,4
2442,4
2443,5
2444,0
2445,2
2446,2
2447,0
2448,4
2449,3
2450,3
2451,1
2452,0
2453,2
2454,0
2455,1
2456,0
2457,4
2458,2
2459,1
2460,0
2461,1
2462,0
2463,1
2464,0
2465,0
2466,1
2467,0
2468,4
2469,0
2470,4
2471,4
2472,0
2473,0
2474,3
2475,0
2476,5
2477,0
2478,5
2479,3
2480,4
2481,3
2482,4
2483,5
2484,4
2485,1
2486,1
2487,2
2488,0
2489,4
2490,4
2491,0
2492,3
2493,2
2494,2
2495,3
2496,0
2497,1
2498,5
2499,1
2500,0
2501,4
2502,0
2503,4
2504,2
2505,2
2506,5
2507,4
2508,5
2509,5
2510,0
2511,3
2512,0
2513,0
2514,0
2515,0
2516,1
2517,4
2518,4
2519,4
2520,5
2521,3
2522,0
2523,3
2524,3
2525,1
2526,0
2527,0
2528,3
2529,0
2530,4
2531,2
2532,4
2533,1
2534,4
2535,3
2536,3
2537,0
2538,1
2539,4
2540,1
2541,3
2542,4
2543,0
2544,5
2545,5
2546,3
2547,0
2548,0
2549,5
2550,5
2551,4
2552,0
2553,4
2554,1
2555,0
2556,0
2557,0
2558,5
2559,2
2560,1
2561,5
2562,0
2563,0
2564,4
2565,5
2566,0
2567,1
2568,0
2569,1
2570,0
2571,5
2572,1
2573,0
2574,4
2575,5
2576,4
2577,4
2578,0
2579,2
2580,2
2581,0
2582,5
2583,4
2584,5
2585,4
2586,2
2587,2
2588,0
2589,2
2590,5
2591,1
2592,5
2593,0
2594,5
2595,4
2596,1
2597,4
2598,5
2599,5
2600,1
2601,0
2602,4
2603,4
2604,0
2605,4
2606,0
2607,5
2608,4
2609,0
2610,2
2611,2
2612,3
2613,1
2614,3
2615,5
2616,5
2617,0
2618,0
2619,5
2620,1
2621,4
2622,0
2623,4
2624,0
2625,0
2626,0
2627,4
2628,0
2629,1
2630,4
2631,0
2632,0
2633,0
2634,1
2635,4
2636,5
2637,5
2638,3
2639,4
2640,1
2641,4
2642,5
2643,5
2644,4
2645,1
2646,2
2647,2
2648,2
2649,5
2650,5
2651,0
2652,0
2653,0
2654,5
2655,4
2656,4
2657,0
2658,1
2659,4
2660,4
2661,5
2662,0
2663,1
2664,0
2665,3
2666,5
2667,4
2668,0
2669,4
2670,0
2671,0
2672,4
2673,4
2674,0
2675,1
2676,5
2677,2
2678,1
2679,3
2680,0
2681,3
2682,5
2683,4
2684,5
2685,3
2686,5
2687,1
2688,4
2689,0
2690,5
2691,0
2692,5
2693,0
2694,0
2695,1
2696,4
2697,4
2698,5
2699,1
2700,3
2701,0
2702,0
2703,4
2704,0
2705,0
2706,1
2707,3
2708,4
2709,2
2710,0
2711,0
2712,4
2713,4
2714,1
2715,5
2716,4
2717,1
2718,0
2719,1
2720,1
2721,1
2722,3
2723,4
2724,5
2725,4
2726,0
2727,1
2728,5
2729,0
2730,5
2731,0
2732,4
2733,2
2734,4
2735,4
2736,2
2737,1
2738,5
2739,4
2740,0
2741,1
2742,0
2743,0
2744,5
2745,4
2746,2
2747,0
2748,2
2749,0
2750,0
2751,1
2752,4
2753,2
2754,2
2755,0
2756,0
2757,0
2758,0
2759,3
2760,1
2761,3
2762,0
2763,1
2764,3
2765,5
2766,2
2767,4
2768,3
2769,1
2770,4
2771,0
2772,4
2773,5
2774,0
2775,0
2776,5
2777,5
2778,1
2779,4
2780,4
2781,0
2782,0
2783,4
2784,0
2785,0
2786,4
2787,0
2788,1
2789,0
2790,3
2791,4
2792,0
2793,5
2794,2
2795,0
2796,1
2797,5
2798,4
2799,0
2800,5
2801,5
2802,2
2803,4
2804,1
2805,0
2806,0
2807,5
2808,1
2809,4
2810,4
2811,0
2812,4
2813,0
2814,4
2815,4
2816,0
2817,0
2818,0
2819,4
2820,5
2821,3
2822,4
2823,0
2824,4
2825,5
2826,5
2827,3
2828,3
2829,1
2830,2
2831,4
2832,5
2833,0
2834,4
2835,1
2836,4
2837,4
2838,4
2839,3
2840,2
2841,0
2842,1
2843,2
2844,4
2845,0
2846,4
2847,0
2848,0
2849,4
2850,5
2851,4
2852,2
2853,4
2854,0
2855,5
2856,0
2857,5
2858,4
2859,2
2860,4
2861,1
2862,0
2863,3
2864,1
2865,1
2866,4
2867,3
2868,4
2869,1
2870,1
2871,4
2872,2
2873,5
2874,3
2875,3
2876,5
2877,0
2878,1
2879,0
2880,0
2881,2
2882,0
2883,1
2884,0
2885,5
2886,4
2887,4
2888,4
2889,4
2890,0
2891,0
2892,5
2893,3
2894,3
2895,3
2896,4
2897,5
2898,4
2899,2
2900,4
2901,5
2902,4
2903,5
2904,0
2905,0
2906,0
2907,4
2908,0
2909,4
2910,0
2911,1
2912,0
2913,3
2914,5
2915,0
2916,1
2917,2
2918,1
2919,5
2920,1
2921,5
2922,2
2923,1
2924,3
2925,2
2926,4
2927,2
2928,0
2929,0
2930,5
2931,4
2932,0
2933,2
2934,4
2935,0
2936,5
2937,0
2938,3
2939,0
2940,2
2941,5
2942,5
2943,4
2944,0
2945,2
2946,5
2947,0
2948,0
2949,4
2950,3
2951,3
2952,2
2953,5
2954,1
2955,4
2956,4
2957,1
2958,4
2959,4
2960,4
2961,2
2962,4
2963,5
2964,1
2965,4
2966,1
2967,2
2968,4
2969,5
2970,0
2971,0
2972,1
2973,0
2974,4
2975,4
2976,2
2977,0
2978,1
2979,2
2980,1
2981,0
2982,5
2983,0
2984,4
2985,0
2986,4
2987,5
2988,5
2989,5
2990,1
2991,3
2992,5
2993,5
2994,2
2995,0
2996,1
2997,2
2998,5
2999,2
3000,4
3001,3
3002,4
3003,0
3004,0
3005,4
3006,0
3007,3
3008,1
3009,5
3010,0
3011,4
3012,0
3013,0
3014,0
3015,1
3016,5
3017,4
3018,2
3019,0
3020,0
3021,0
3022,0
3023,4
3024,1
3025,4
3026,0
3027,0
3028,5
3029,4
3030,4
3031,4
3032,1
3033,2
3034,4
3035,5
3036,0
3037,0
3038,1
3039,4
3040,4
3041,4
3042,1
3043,1
3044,0
3045,1
3046,0
3047,1
3048,2
3049,1
3050,1
3051,5
3052,3
3053,5
3054,1
3055,4
3056,3
3057,0
3058,5
3059,0
3060,4
3061,1
3062,4
3063,3
3064,3
3065,2
3066,3
3067,0
3068,5
3069,2
3070,4
3071,4
3072,0
3073,0
3074,0
3075,4
3076,0
3077,0
3078,1
3079,0
3080,1
3081,4
3082,2
3083,2
3084,1
3085,0
3086,4
3087,1
3088,1
3089,4
3090,4
3091,3
3092,5
3093,5
3094,3
3095,5
3096,4
3097,4
3098,4
3099,2
3100,2
3101,0
3102,4
3103,1
3104,1
3105,2
3106,4
3107,5
3108,0
3109,1
3110,4
3111,1
3112,5
3113,2
3114,4
3115,0
3116,4
3117,0
3118,0
3119,4
3120,5
3121,4
3122,0
3123,0
3124,5
3125,0
3126,4
3127,0
3128,3
3129,4
3130,3
3131,4
3132,1
3133,0
3134,0
3135,4
3136,1
3137,4
3138,4
3139,4
3140,0
3141,4
3142,2
3143,0
3144,4
3145,1
3146,4
3147,4
3148,0
3149,5
3150,4
3151,1
3152,1
3153,0
3154,5
3155,1
3156,1
3157,4
3158,2
3159,1
3160,4
3161,5
3162,1
3163,2
3164,0
3165,5
3166,1
3167,5
3168,1
3169,0
3170,2
3171,1
3172,1
3173,4
3174,0
3175,4
3176,4
3177,1
3178,4
3179,4
3180,2
3181,4
3182,0
3183,3
3184,0
3185,0
3186,0
3187,0
3188,0
3189,4
3190,0
3191,1
3192,1
3193,0
3194,3
3195,4
3196,0
3197,0
3198,4
3199,1
3200,4
3201,2
3202,5
3203,4
3204,5
3205,0
3206,0
3207,5
3208,0
3209,0
3210,1
3211,1
3212,3
3213,5
3214,0
3215,3
3216,5
3217,2
3218,2
3219,5
3220,0
3221,4
3222,4
3223,2
3224,1
3225,2
3226,0
3227,5
3228,0
3229,3
3230,4
3231,0
3232,0
3233,2
3234,0
3235,4
3236,5
3237,4
3238,4
3239,5
3240,5
3241,2
3242,1
3243,2
3244,5
3245,5
3246,4
3247,0
3248,4
3249,4
3250,2
3251,0
3252,3
3253,4
3254,1
3255,0
3256,5
3257,3
3258,1
3259,5
3260,3
3261,4
3262,5
3263,4
3264,2
3265,1
3266,4
3267,0
3268,0
3269,5
3270,1
3271,5
3272,1
3273,5
3274,0
3275,3
3276,0
3277,0
3278,4
3279,0
3280,3
3281,5
3282,4
3283,0
3284,0
3285,5
3286,3
3287,3
3288,4
3289,4
3290,2
3291,4
3292,0
3293,5
3294,1
3295,0
3296,1
3297,0
3298,1
3299,3
3300,2
3301,3
3302,3
3303,5
3304,3
3305,4
3306,4
3307,5
3308,3
3309,4
3310,4
3311,0
3312,4
3313,4
3314,0
3315,4
3316,0
3317,2
3318,4
3319,5
3320,3
3321,4
3322,1
3323,4
3324,0
3325,0
3326,5
3327,0
3328,4
3329,0
3330,3
3331,2
3332,5
3333,0
3334,5
3335,4
3336,2
3337,4
3338,1
3339,0
3340,4
3341,0
3342,2
3343,0
3344,5
3345,1
3346,0
3347,0
3348,0
3349,0
3350,4
3351,5
3352,1
3353,2
3354,2
3355,5
3356,4
3357,5
3358,5
3359,3
3360,2
3361,5
3362,4
3363,2
3364,5
3365,1
3366,5
3367,3
3368,5
3369,5
3370,5
3371,4
3372,5
3373,5
3374,1
3375,4
3376,1
3377,5
3378,4
3379,5
3380,4
3381,5
3382,0
3383,4
3384,0
3385,2
3386,0
3387,4
3388,1
3389,4
3390,0
3391,5
3392,0
3393,4
3394,4
3395,0
3396,0
3397,2
3398,1
3399,5
3400,2
3401,1
3402,4
3403,0
3404,5
3405,4
3406,4
3407,2
3408,2
3409,2
3410,5
3411,1
3412,2
3413,5
3414,0
3415,4
3416,3
3417,0
3418,5
3419,4
3420,0
3421,5
3422,5
3423,4
3424,4
3425,0
3426,1
3427,0
3428,4
3429,4
3430,3
3431,1
3432,0
3433,5
3434,0
3435,0
3436,1
3437,4
3438,4
3439,4
3440,1
3441,3
3442,4
3443,4
3444,0
3445,0
3446,1
3447,4
3448,0
3449,0
3450,5
3451,4
3452,1
3453,3
3454,3
3455,4
3456,1
3457,4
3458,0
3459,0
3460,3
3461,5
3462,2
3463,2
3464,0
3465,3
3466,0
3467,0
3468,0
3469,4
3470,0
3471,4
3472,1
3473,5
3474,5
3475,0
3476,5
3477,3
3478,3
3479,5
3480,4
3481,5
3482,4
3483,1
3484,4
3485,5
3486,0
3487,0
3488,1
3489,0
3490,3
3491,5
3492,2
3493,5
3494,3
3495,5
3496,0
3497,2
3498,1
3499,4
3500,5
3501,0
3502,5
3503,0
3504,0
3505,5
3506,0
3507,1
3508,1
3509,0
3510,4
3511,4
3512,0
3513,3
3514,3
3515,3
3516,1
3517,5
3518,4
3519,3
3520,5
3521,1
3522,4
3523,4
3524,4
3525,0
3526,0
3527,0
3528,3
3529,4
3530,0
3531,0
3532,0
3533,2
3534,4
3535,3
3536,5
3537,0
3538,4
3539,1
3540,1
3541,4
3542,5
3543,3
3544,2
3545,1
3546,1
3547,0
3548,1
3549,5
3550,1
3551,1
3552,5
3553,1
3554,0
3555,5
3556,4
3557,0
3558,0
3559,0
3560,0
3561,1
3562,4
3563,2
3564,0
3565,2
3566,2
3567,4
3568,0
3569,2
3570,0
3571,4
3572,4
3573,5
3574,1
3575,1
3576,1
3577,0
3578,4
3579,5
3580,4
3581,4
3582,1
3583,2
3584,0
3585,4
3586,2
3587,0
3588,0
3589,4
3590,0
3591,0
3592,0
3593,5
3594,1
3595,1
3596,5
3597,5
3598,0
3599,3
3600,4
3601,4
3602,4
3603,0
3604,5
3605,2
3606,0
3607,1
3608,4
3609,3
3610,3
3611,0
3612,4
3613,2
3614,1
3615,1
3616,0
3617,2
3618,4
3619,0
3620,4
3621,0
3622,5
3623,2
3624,5
3625,4
3626,1
3627,5
3628,0
3629,0
3630,0
3631,2
3632,0
3633,0
3634,4
3635,0
3636,2
3637,5
3638,4
3639,0
3640,4
3641,5
3642,5
3643,5
3644,4
3645,4
3646,0
3647,5
3648,5
3649,0
3650,2
3651,4
3652,0
3653,0
3654,0
3655,5
3656,0
3657,5
3658,4
3659,0
3660,4
3661,0
3662,0
3663,4
3664,4
3665,0
3666,4
3667,4
3668,5
3669,3
3670,2
3671,5
3672,0
3673,5
3674,1
3675,4
3676,4
3677,0
3678,0
3679,4
3680,1
3681,0
3682,2
3683,4
3684,4
3685,1
3686,0
3687,0
3688,1
3689,0
3690,3
3691,5
3692,5
3693,4
3694,1
3695,5
3696,0
3697,2
3698,4
3699,1
3700,3
3701,5
3702,4
3703,5
3704,4
3705,3
3706,5
3707,0
3708,4
3709,5
3710,0
3711,0
3712,1
3713,0
3714,3
3715,5
3716,5
3717,1
3718,1
3719,4
3720,4
3721,4
3722,3
3723,5
3724,1
3725,1
3726,0
3727,0
3728,4
3729,1
3730,2
3731,4
3732,4
3733,0
3734,0
3735,3
3736,1
3737,4
3738,1
3739,4
3740,2
3741,0
3742,0
3743,4
3744,0
3745,3
3746,1
3747,0
3748,1
3749,4
3750,3
3751,5
3752,4
3753,0
3754,2
3755,1
3756,4
3757,2
3758,1
3759,0
3760,1
3761,4
3762,5
3763,4
3764,4
3765,4
3766,1
3767,2
3768,2
3769,4
3770,1
3771,0
3772,1
3773,4
3774,5
3775,0
3776,0
3777,0
3778,2
3779,4
3780,5
3781,4
3782,3
3783,0
3784,4
3785,1
3786,0
3787,3
3788,0
3789,0
3790,0
3791,1
3792,3
3793,5
3794,5
3795,3
3796,4
3797,1
3798,4
3799,0
3800,0
3801,0
3802,4
3803,5
3804,5
3805,4
3806,3
3807,4
3808,3
3809,4
3810,4
3811,4
3812,4
3813,1
3814,0
3815,4
3816,4
3817,3
3818,0
3819,1
3820,0
3821,5
3822,4
3823,0
3824,3
3825,3
3826,1
3827,5
3828,5
3829,0
3830,0
3831,4
3832,0
3833,1
3834,3
3835,4
3836,0
3837,4
3838,5
3839,3
3840,4
3841,3
3842,5
3843,1
3844,2
3845,1
3846,2
3847,4
3848,2
3849,3
3850,0
3851,4
3852,5
3853,0
3854,1
3855,5
3856,4
3857,5
3858,1
3859,0
3860,5
3861,4
3862,2
3863,2
3864,0
3865,0
3866,4
3867,0
3868,3
3869,0
3870,0
3871,4
3872,1
3873,0
3874,4
3875,0
3876,2
3877,1
3878,4
3879,4
3880,3
3881,1
3882,5
3883,3
3884,1
3885,0
3886,0
3887,0
3888,4
3889,5
3890,5
3891,0
3892,1
3893,0
3894,1
3895,0
3896,0
3897,1
3898,0
3899,0
3900,1
3901,0
3902,0
3903,3
3904,0
3905,4
3906,0
3907,2
3908,0
3909,0
3910,0
3911,4
3912,4
3913,0
3914,4
3915,4
3916,4
3917,4
3918,5
3919,3
3920,1
3921,4
3922,2
3923,4
3924,2
3925,0
3926,0
3927,0
3928,0
3929,1
3930,3
3931,0
3932,0
3933,2
3934,4
3935,0
3936,2
3937,0
3938,0
3939,4
3940,5
3941,4
3942,0
3943,1
3944,1
3945,0
3946,0
3947,2
3948,0
3949,3
3950,4
3951,4
3952,4
3953,5
3954,2
3955,5
3956,0
3957,4
3958,4
3959,4
3960,5
3961,0
3962,3
3963,5
3964,5
3965,2
3966,0
3967,0
3968,1
3969,4
3970,2
3971,5
3972,0
3973,2
3974,1
3975,1
3976,4
3977,4
3978,2
3979,0
3980,0
3981,0
3982,3
3983,1
3984,0
3985,3
3986,4
3987,4
3988,2
3989,2
3990,1
3991,1
3992,4
3993,3
3994,5
3995,0
3996,4
3997,0
3998,3
3999,0
4000,1
4001,0
4002,1
4003,2
4004,4
4005,0
4006,2
4007,5
4008,0
4009,5
4010,2
4011,5
4012,0
4013,2
4014,0
4015,4
4016,0
4017,4
4018,0
4019,0
4020,3
4021,3
4022,5
4023,1
4024,0
4025,2
4026,5
4027,5
4028,1
4029,4
4030,4
4031,0
4032,2
4033,1
4034,5
4035,5
4036,0
4037,1
4038,4
4039,0
4040,0
4041,3
4042,2
4043,1
4044,0
4045,0
4046,2
4047,4
4048,1
4049,4
4050,4
4051,1
4052,5
4053,1
4054,1
4055,4
4056,3
4057,5
4058,5
4059,2
4060,5
4061,0
4062,4
4063,1
4064,0
4065,1
4066,2
4067,0
4068,0
4069,0
4070,2
4071,4
4072,4
4073,4
4074,0
4075,4
4076,2
4077,2
4078,0
4079,4
4080,2
4081,4
4082,3
4083,5
4084,1
4085,4
4086,4
4087,2
4088,4
4089,4
4090,5
4091,3
4092,4
4093,5
4094,4
4095,4
4096,1
4097,1
4098,1
4099,3
4100,5
4101,0
4102,2
4103,0
4104,3
4105,1
4106,4
4107,4
4108,4
4109,4
4110,4
4111,5
4112,0
4113,4
4114,0
4115,1
4116,5
4117,5
4118,4
4119,1
4120,2
4121,4
4122,4
4123,1
4124,0
4125,4
4126,4
4127,4
4128,5
4129,3
4130,0
4131,1
4132,5
4133,4
4134,0
4135,4
4136,4
4137,5
4138,5
4139,5
4140,2
4141,5
4142,4
4143,3
4144,5
4145,5
4146,2
4147,0
4148,0
4149,3
4150,4
4151,0
4152,4
4153,0
4154,0
4155,5
4156,4
4157,5
4158,4
4159,1
4160,2
4161,1
4162,2
4163,2
4164,4
4165,4
4166,4
4167,1
4168,5
4169,5
4170,0
4171,1
4172,4
4173,1
4174,4
4175,5
4176,2
4177,4
4178,4
4179,1
4180,0
4181,2
4182,5
4183,0
4184,0
4185,4
4186,4
4187,0
4188,5
4189,0
4190,0
4191,0
4192,2
4193,4
4194,4
4195,2
4196,3
4197,1
4198,1
4199,1
4200,0
4201,2
4202,1
4203,3
4204,4
4205,3
4206,1
4207,5
4208,1
4209,3
4210,5
4211,4
4212,0
4213,0
4214,1
4215,0
4216,4
4217,1
4218,4
4219,5
4220,1
4221,5
4222,4
4223,4
4224,4
4225,4
4226,0
4227,0
4228,4
4229,5
4230,5
4231,1
4232,5
4233,1
4234,5
4235,4
4236,5
4237,5
4238,0
4239,0
4240,4
4241,0
4242,0
4243,0
4244,4
4245,3
4246,0
4247,1
4248,1
4249,0
4250,0
4251,0
4252,5
4253,0
4254,5
4255,1
4256,0
4257,1
4258,5
4259,1
4260,1
4261,1
4262,5
4263,1
4264,2
4265,0
4266,4
4267,4
4268,5
4269,5
4270,0
4271,0
4272,4
4273,3
4274,0
4275,4
4276,1
4277,4
4278,4
4279,4
4280,0
4281,0
4282,4
4283,0
4284,5
4285,5
4286,0
4287,5
4288,0
4289,1
4290,2
4291,4
4292,1
4293,4
4294,4
4295,2
4296,5
4297,4
4298,5
4299,2
4300,0
4301,0
4302,0
4303,5
4304,4
4305,4
4306,4
4307,1
4308,3
4309,0
4310,5
4311,4
4312,3
4313,0
4314,1
4315,2
4316,4
4317,4
4318,5
4319,1
4320,4
4321,1
4322,0
4323,1
4324,2
4325,2
4326,4
4327,1
4328,3
4329,0
4330,1
4331,0
4332,0
4333,4
4334,4
4335,4
4336,4
4337,1
4338,5
4339,1
4340,1
4341,0
4342,5
4343,3
4344,5
4345,4
4346,5
4347,3
4348,3
4349,0
4350,0
4351,1
4352,5
4353,0
4354,0
4355,2
4356,5
4357,2
4358,4
4359,1
4360,0
4361,4
4362,0
4363,1
4364,4
4365,4
4366,3
4367,0
4368,0
4369,0
4370,0
4371,0
4372,4
4373,0
4374,0
4375,0
4376,5
4377,0
4378,2
4379,5
4380,2
4381,3
4382,4
4383,5
4384,2
4385,1
4386,5
4387,1
4388,5
4389,4
4390,4
4391,4
4392,1
4393,0
4394,1
4395,4
4396,0
4397,4
4398,0
4399,4
4400,1
4401,5
4402,4
4403,0
4404,4
4405,0
4406,5
4407,4
4408,0
4409,5
4410,5
4411,1
4412,4
4413,4
4414,5
4415,5
4416,0
4417,5
4418,4
4419,3
4420,4
4421,4
4422,5
4423,1
4424,1
4425,4
4426,0
4427,0
4428,0
4429,2
4430,4
4431,0
4432,1
4433,0
4434,1
4435,3
4436,2
4437,4
4438,4
4439,1
4440,0
4441,0
4442,4
4443,1
4444,3
4445,3
4446,3
4447,4
4448,2
4449,0
4450,4
4451,4
4452,3
4453,0
4454,5
4455,5
4456,1
4457,4
4458,0
4459,4
4460,0
4461,1
4462,4
4463,3
4464,5
4465,4
4466,5
4467,3
4468,0
4469,0
4470,4
4471,2
4472,4
4473,3
4474,4
4475,3
4476,0
4477,5
4478,3
4479,5
4480,5
4481,4
4482,2
4483,5
4484,4
4485,2
4486,5
4487,4
4488,1
4489,4
4490,3
4491,1
4492,3
4493,1
4494,1
4495,1
4496,3
4497,4
4498,0
4499,4
4500,0
4501,1
4502,0
4503,1
4504,5
4505,4
4506,4
4507,5
4508,0
4509,0
4510,5
4511,4
4512,4
4513,4
4514,4
4515,5
4516,0
4517,1
4518,0
4519,4
4520,4
4521,4
4522,5
4523,0
4524,4
4525,2
4526,1
4527,0
4528,2
4529,0
4530,0
4531,0
4532,1
4533,0
4534,4
4535,1
4536,1
4537,4
4538,0
4539,3
4540,2
4541,4
4542,1
4543,1
4544,0
4545,0
4546,3
4547,0
4548,5
4549,0
4550,1
4551,1
4552,2
4553,0
4554,0
4555,0
4556,1
4557,1
4558,5
4559,0
4560,1
4561,1
4562,4
4563,4
4564,0
4565,4
4566,0
4567,0
4568,0
4569,2
4570,0
4571,0
4572,5
4573,0
4574,0
4575,5
4576,0
4577,1
4578,0
4579,0
4580,0
4581,0
4582,0
4583,5
4584,2
4585,1
4586,4
4587,2
4588,5
4589,4
4590,4
4591,0
4592,4
4593,1
4594,4
4595,0
4596,5
4597,0
4598,1
4599,5
4600,4
4601,0
4602,5
4603,2
4604,5
4605,0
4606,0
4607,0
4608,0
4609,4
4610,0
4611,4
4612,0
4613,2
4614,5
4615,3
4616,4
4617,4
4618,1
4619,5
4620,0
4621,1
4622,2
4623,4
4624,0
4625,4
4626,2
4627,4
4628,1
4629,5
4630,5
4631,3
4632,4
4633,5
4634,4
4635,3
4636,4
4637,1
4638,2
4639,1
4640,0
4641,0
4642,1
4643,4
4644,4
4645,2
4646,4
4647,5
4648,5
4649,4
4650,2
4651,0
4652,4
4653,4
4654,0
4655,1
4656,0
4657,1
4658,1
4659,4
4660,0
4661,2
4662,5
4663,2
4664,5
4665,4
4666,4
4667,0
4668,0
4669,5
4670,5
4671,0
4672,3
4673,4
4674,5
4675,1
4676,5
4677,4
4678,4
4679,0
4680,4
4681,0
4682,0
4683,4
4684,4
4685,4
4686,5
4687,5
4688,0
4689,0
4690,4
4691,5
4692,5
4693,1
4694,0
4695,0
4696,5
4697,0
4698,0
4699,1
4700,3
4701,5
4702,5
4703,2
4704,2
4705,0
4706,1
4707,0
4708,0
4709,5
4710,1
4711,4
4712,2
4713,5
4714,1
4715,0
4716,3
4717,0
4718,0
4719,5
4720,4
4721,1
4722,0
4723,4
4724,4
4725,4
4726,0
4727,1
4728,0
4729,4
4730,0
4731,1
4732,0
4733,3
4734,0
4735,0
4736,3
4737,3
4738,5
4739,0
4740,5
4741,5
4742,5
4743,4
4744,0
4745,1
4746,4
4747,4
4748,4
4749,0
4750,0
4751,2
4752,4
4753,4
4754,5
4755,5
4756,4
4757,3
4758,5
4759,4
4760,0
4761,3
4762,4
4763,5
4764,0
4765,2
4766,2
4767,4
4768,4
4769,0
4770,1
4771,2
4772,4
4773,0
4774,3
4775,1
4776,1
4777,4
4778,4
4779,4
4780,2
4781,0
4782,4
4783,5
4784,0
4785,3
4786,4
4787,3
4788,5
4789,4
4790,3
4791,1
4792,0
4793,4
4794,4
4795,2
4796,4
4797,0
4798,0
4799,5
4800,4
4801,1
4802,2
4803,0
4804,4
4805,0
4806,5
4807,3
4808,1
4809,5
4810,0
4811,2
4812,5
4813,5
4814,5
4815,1
4816,4
4817,5
4818,0
4819,5
4820,5
4821,5
4822,1
4823,0
4824,4
4825,4
4826,0
4827,3
4828,3
4829,1
4830,0
4831,3
4832,4
4833,4
4834,3
4835,1
4836,0
4837,0
4838,0
4839,4
4840,4
4841,0
4842,5
4843,0
4844,2
4845,5
4846,0
4847,5
4848,1
4849,4
4850,1
4851,4
4852,2
4853,4
4854,5
4855,4
4856,0
4857,4
4858,1
4859,1
4860,0
4861,4
4862,2
4863,0
4864,2
4865,0
4866,5
4867,3
4868,5
4869,4
4870,0
4871,4
4872,0
4873,1
4874,4
4875,0
4876,4
4877,0
4878,5
4879,2
4880,4
4881,1
4882,4
4883,5
4884,3
4885,3
4886,0
4887,4
4888,0
4889,0
4890,5
4891,5
4892,0
4893,1
4894,1
4895,0
4896,0
4897,1
4898,4
4899,0
4900,1
4901,2
4902,0
4903,4
4904,5
4905,5
4906,2
4907,1
4908,3
4909,4
4910,0
4911,1
4912,0
4913,3
4914,0
4915,1
4916,4
4917,0
4918,5
4919,0
4920,0
4921,0
4922,0
4923,0
4924,0
4925,2
4926,1
4927,0
4928,0
4929,5
4930,4
4931,4
4932,2
4933,4
4934,0
4935,0
4936,5
4937,0
4938,0
4939,4
4940,1
4941,0
4942,1
4943,3
4944,4
4945,1
4946,4
4947,5
4948,0
4949,4
4950,4
4951,5
4952,0
4953,2
4954,3
4955,0
4956,2
4957,3
4958,4
4959,3
4960,4
4961,4
4962,2
4963,1
4964,3
4965,3
4966,2
4967,4
4968,1
4969,4
4970,1
4971,5
4972,2
4973,1
4974,5
4975,3
4976,0
4977,0
4978,4
4979,4
4980,1
4981,3
4982,5
4983,0
4984,4
4985,1
4986,0
4987,4
4988,0
4989,5
4990,0
4991,2
4992,0
4993,3
4994,5
4995,5
4996,0
4997,4
4998,1
4999,5
5000,3
5001,4
5002,1
5003,0
5004,3
5005,1
5006,0
5007,4
5008,5
5009,2
5010,1
5011,0
5012,0
5013,5
5014,3
5015,5
5016,0
5017,4
5018,0
5019,0
5020,5
5021,2
5022,2
5023,0
5024,0
5025,0
5026,5
5027,5
5028,1
5029,4
5030,4
5031,5
5032,2
5033,4
5034,3
5035,4
5036,0
5037,4
5038,0
5039,0
5040,0
5041,3
5042,4
5043,5
5044,5
5045,4
5046,3
5047,3
5048,0
5049,5
5050,4
5051,5
5052,5
5053,3
5054,0
5055,0
5056,5
5057,0
5058,4
5059,0
5060,1
5061,3
5062,4
5063,1
5064,0
5065,0
5066,0
5067,0
5068,1
5069,0
5070,5
5071,0
5072,4
5073,2
5074,0
5075,0
5076,5
5077,3
5078,0
5079,4
5080,5
5081,4
5082,1
5083,0
5084,2
5085,4
5086,3
5087,0
5088,4
5089,1
5090,0
5091,1
5092,0
5093,1
5094,5
5095,0
5096,4
5097,2
5098,0
5099,5
5100,0
5101,1
5102,0
5103,3
5104,0
5105,5
5106,1
5107,0
5108,4
5109,0
5110,0
5111,1
5112,0
5113,4
5114,5
5115,5
5116,1
5117,4
5118,2
5119,3
5120,3
5121,3
5122,0
5123,0
5124,4
5125,0
5126,4
5127,5
5128,0
5129,0
5130,5
5131,1
5132,2
5133,5
5134,0
5135,4
5136,5
5137,3
5138,0
5139,5
5140,0
5141,5
5142,1
5143,0
5144,5
5145,1
5146,0
5147,1
5148,0
5149,5
5150,5
5151,2
5152,5
5153,1
5154,4
5155,0
5156,5
5157,5
5158,1
5159,5
5160,4
5161,1
5162,1
5163,2
5164,4
5165,4
5166,5
5167,4
5168,2
5169,4
5170,4
5171,0
5172,4
5173,4
5174,0
5175,1
5176,2
5177,2
5178,4
5179,1
5180,1
5181,3
5182,0
5183,0
5184,5
5185,5
5186,3
5187,2
5188,5
5189,5
5190,3
5191,0
5192,4
5193,4
5194,3
5195,0
5196,2
5197,2
5198,0
5199,0
5200,0
5201,3
5202,4
5203,0
5204,4
5205,0
5206,2
5207,0
5208,2
5209,0
5210,4
5211,0
5212,1
5213,4
5214,0
5215,5
5216,4
5217,0
5218,2
5219,4
5220,5
5221,0
5222,0
5223,5
5224,4
5225,1
5226,5
5227,3
5228,4
5229,5
5230,0
5231,5
5232,3
5233,2
5234,0
5235,1
5236,4
5237,5
5238,0
5239,5
5240,2
5241,3
5242,1
5243,1
5244,5
5245,4
5246,5
5247,0
5248,2
5249,0
5250,4
5251,1
5252,0
5253,3
5254,0
5255,2
5256,0
5257,3
5258,0
5259,5
5260,3
5261,4
5262,0
5263,4
5264,4
5265,2
5266,5
5267,4
5268,1
5269,1
5270,4
5271,3
5272,0
5273,4
5274,4
5275,5
5276,1
5277,0
5278,1
5279,1
5280,0
5281,1
5282,0
5283,0
5284,3
5285,3
5286,4
5287,4
5288,5
5289,1
5290,4
5291,4
5292,1
5293,5
5294,4
5295,4
5296,1
5297,0
5298,5
5299,1
5300,4
5301,3
5302,1
5303,0
5304,3
5305,5
5306,5
5307,2
5308,4
5309,2
5310,2
5311,4
5312,1
5313,4
5314,2
5315,0
5316,0
5317,0
5318,4
5319,2
5320,0
5321,1
5322,4
5323,0
5324,5
5325,4
5326,1
5327,4
5328,2
5329,1
5330,0
5331,4
5332,5
5333,0
5334,2
5335,3
5336,5
5337,3
5338,0
5339,1
5340,2
5341,1
5342,4
5343,2
5344,0
5345,2
5346,1
5347,1
5348,5
5349,1
5350,5
5351,2
5352,4
5353,1
5354,4
5355,4
5356,0
5357,0
5358,0
5359,0
5360,0
5361,0
5362,0
5363,1
5364,2
5365,5
5366,5
5367,3
5368,5
5369,3
5370,4
5371,5
5372,4
5373,5
5374,0
5375,4
5376,0
5377,4
5378,3
5379,5
5380,0
5381,4
5382,1
5383,3
5384,4
5385,4
5386,4
5387,0
5388,5
5389,4
5390,1
5391,1
5392,0
5393,3
5394,0
5395,2
5396,4
5397,0
5398,5
5399,2
5400,0
5401,5
5402,5
5403,5
5404,0
5405,1
5406,0
5407,0
5408,0
5409,1
5410,2
5411,0
5412,4
5413,5
5414,0
5415,0
5416,2
5417,1
5418,0
5419,0
5420,5
5421,3
5422,4
5423,5
5424,0
5425,0
5426,4
5427,4
5428,2
5429,0
5430,1
5431,1
5432,3
5433,0
5434,4
5435,5
5436,2
5437,0
5438,0
5439,1
5440,1
5441,4
5442,3
5443,4
5444,1
5445,0
5446,4
5447,4
5448,0
5449,0
5450,4
5451,5
5452,0
5453,2
5454,5
5455,4
5456,3
5457,5
5458,0
5459,2
5460,3
5461,2
5462,0
5463,0
5464,4
5465,4
5466,1
5467,3
5468,5
5469,4
5470,0
5471,0
5472,0
5473,4
5474,0
5475,1
5476,5
5477,3
5478,5
5479,0
5480,4
5481,2
5482,4
5483,2
5484,4
5485,2
5486,2
5487,0
5488,2
5489,4
5490,0
5491,1
5492,4
5493,4
5494,3
5495,0
5496,3
5497,3
5498,4
5499,1
5500,5
5501,4
5502,5
5503,4
5504,0
5505,0
5506,5
5507,5
5508,3
5509,0
5510,5
5511,4
5512,4
5513,4
5514,4
5515,0
5516,4
5517,4
5518,0
5519,1
5520,4
5521,1
5522,4
5523,0
5524,4
5525,0
5526,1
5527,0
5528,3
5529,1
5530,3
5531,3
5532,4
5533,3
5534,3
5535,5
5536,5
5537,0
5538,4
5539,1
5540,5
5541,4
5542,0
5543,1
5544,0
5545,4
5546,5
5547,4
5548,0
5549,4
5550,0
5551,5
5552,1
5553,0
5554,4
5555,5
5556,1
5557,1
5558,2
5559,2
5560,1
5561,5
5562,4
5563,5
5564,0
5565,1
5566,0
5567,0
5568,0
5569,4
5570,5
5571,2
5572,4
5573,0
5574,1
5575,4
5576,1
5577,0
5578,3
5579,4
5580,0
5581,3
5582,0
5583,0
5584,4
5585,2
5586,2
5587,2
5588,2
5589,4
5590,1
5591,4
5592,4
5593,2
5594,2
5595,0
5596,2
5597,0
5598,4
5599,1
5600,4
5601,1
5602,0
5603,4
5604,3
5605,2
5606,5
5607,0
5608,0
5609,2
5610,2
5611,5
5612,5
5613,4
5614,1
5615,1
5616,5
5617,0
5618,1
5619,4
5620,4
5621,0
5622,3
5623,2
5624,5
5625,3
5626,4
5627,0
5628,2
5629,0
5630,4
5631,0
5632,1
5633,4
5634,1
5635,1
5636,2
5637,2
5638,4
5639,4
5640,1
5641,2
5642,5
5643,0
5644,2
5645,4
5646,0
5647,5
5648,1
5649,0
5650,0
5651,0
5652,2
5653,4
5654,1
5655,1
5656,4
5657,4
5658,2
5659,4
5660,3
5661,4
5662,0
5663,4
5664,4
5665,2
5666,0
5667,4
5668,0
5669,0
5670,2
5671,0
5672,0
5673,0
5674,5
5675,5
5676,5
5677,2
5678,2
5679,0
5680,4
5681,0
5682,0
5683,4
5684,0
5685,3
5686,0
5687,4
5688,4
5689,2
5690,5
5691,4
5692,2
5693,2
5694,4
5695,4
5696,4
5697,4
5698,5
5699,5
5700,1
5701,0
5702,0
5703,1
5704,2
5705,0
5706,1
5707,3
5708,4
5709,5
5710,4
5711,5
5712,1
5713,4
5714,5
5715,2
5716,4
5717,2
5718,0
5719,0
5720,0
5721,0
5722,4
5723,5
5724,5
5725,2
5726,4
5727,1
5728,5
5729,4
5730,0
5731,0
5732,0
5733,1
5734,4
5735,0
5736,4
5737,0
5738,0
5739,1
5740,1
5741,4
5742,4
5743,4
5744,4
5745,5
5746,0
5747,2
5748,4
5749,2
5750,1
5751,1
5752,3
5753,4
5754,5
5755,4
5756,0
5757,0
5758,0
5759,0
5760,2
5761,0
5762,4
5763,0
5764,0
5765,1
5766,1
5767,3
5768,3
5769,5
5770,1
5771,4
5772,2
5773,2
5774,5
5775,1
5776,5
5777,4
5778,4
5779,4
5780,0
5781,5
5782,1
5783,4
5784,0
5785,1
5786,0
5787,5
5788,4
5789,4
5790,4
5791,5
5792,1
5793,5
5794,5
5795,4
5796,5
5797,4
5798,1
5799,5
5800,3
5801,4
5802,5
5803,0
5804,3
5805,2
5806,0
5807,0
5808,1
5809,3
5810,4
5811,0
5812,0
5813,4
5814,3
5815,1
5816,1
5817,0
5818,4
5819,5
5820,1
5821,4
5822,1
5823,5
5824,4
5825,0
5826,0
5827,0
5828,4
5829,1
5830,2
5831,2
5832,1
5833,5
5834,0
5835,2
5836,3
5837,4
5838,3
5839,4
5840,1
5841,0
5842,4
5843,4
5844,0
5845,0
5846,4
5847,0
5848,0
5849,3
5850,2
5851,0
5852,1
5853,0
5854,2
5855,5
5856,5
5857,2
5858,3
5859,5
5860,4
5861,1
5862,3
5863,4
5864,0
5865,0
5866,2
5867,3
5868,0
5869,0
5870,0
5871,4
5872,4
5873,5
5874,4
5875,0
5876,3
5877,5
5878,1
5879,4
5880,1
5881,4
5882,0
5883,0
5884,4
5885,2
5886,0
5887,5
5888,0
5889,1
5890,0
5891,5
5892,0
5893,0
5894,2
5895,1
5896,1
5897,4
5898,3
5899,5
5900,0
5901,4
5902,4
5903,0
5904,3
5905,4
5906,4
5907,2
5908,0
5909,4
5910,4
5911,0
5912,5
5913,4
5914,0
5915,2
5916,0
5917,5
5918,0
5919,0
5920,5
5921,5
5922,0
5923,4
5924,2
5925,0
5926,2
5927,0
5928,0
5929,0
5930,0
5931,5
5932,2
5933,4
5934,0
5935,2
5936,5
5937,5
5938,3
5939,1
5940,0
5941,4
5942,5
5943,4
5944,0
5945,0
5946,4
5947,5
5948,4
5949,2
5950,0
5951,5
5952,0
5953,1
5954,2
5955,0
5956,5
5957,0
5958,2
5959,3
5960,3
5961,0
5962,1
5963,4
5964,0
5965,3
5966,4
5967,0
5968,4
5969,2
5970,2
5971,5
5972,4
5973,3
5974,4
5975,0
5976,2
5977,1
5978,5
5979,1
5980,0
5981,4
5982,2
5983,0
5984,1
5985,1
5986,0
5987,1
5988,0
5989,2
5990,2
5991,1
5992,2
5993,4
5994,1
5995,2
5996,1
5997,4
5998,4
5999,4
6000,0
6001,3
6002,1
6003,0
6004,4
6005,1
6006,4
6007,0
6008,4
6009,2
6010,0
6011,0
6012,5
6013,3
6014,1
6015,0
6016,3
6017,1
6018,4
6019,3
6020,0
6021,0
6022,4
6023,5
6024,1
6025,4
6026,0
6027,1
6028,0
6029,1
6030,0
6031,2
6032,1
6033,0
6034,5
6035,4
6036,1
6037,4
6038,3
6039,4
6040,1
6041,4
6042,4
6043,0
6044,0
6045,0
6046,1
6047,4
6048,4
6049,0
6050,0
6051,3
6052,5
6053,1
6054,3
6055,5
6056,0
6057,1
6058,5
6059,4
6060,0
6061,0
6062,0
6063,2
6064,5
6065,0
6066,2
6067,5
6068,0
6069,5
6070,4
6071,0
6072,2
6073,1
6074,3
6075,4
6076,3
6077,4
6078,0
6079,2
6080,1
6081,1
6082,1
6083,2
6084,3
6085,0
6086,4
6087,0
6088,0
6089,5
6090,4
6091,4
6092,4
6093,0
6094,4
6095,0
6096,4
6097,0
6098,0
6099,1
6100,0
6101,2
6102,0
6103,5
6104,0
6105,2
6106,4
6107,3
6108,5
6109,4
6110,3
6111,0
6112,0
6113,0
6114,5
6115,5
6116,2
6117,1
6118,4
6119,5
6120,4
6121,1
6122,0
6123,3
6124,3
6125,1
6126,5
6127,0
6128,2
6129,5
6130,4
6131,5
6132,0
6133,0
6134,1
6135,0
6136,1
6137,4
6138,2
6139,0
6140,1
6141,1
6142,4
6143,0
6144,4
6145,5
6146,1
6147,4
6148,0
6149,4
6150,0
6151,1
6152,4
6153,4
6154,4
6155,5
6156,5
6157,1
6158,4
6159,0
6160,2
6161,3
6162,1
6163,4
6164,0
6165,0
6166,1
6167,0
6168,0
6169,4
6170,1
6171,4
6172,1
6173,2
6174,4
6175,0
6176,5
6177,5
6178,5
6179,5
6180,4
6181,0
6182,4
6183,4
6184,2
6185,0
6186,4
6187,0
6188,4
6189,0
6190,4
6191,1
6192,2
6193,4
6194,3
6195,0
6196,3
6197,0
6198,0
6199,1
6200,0
6201,5
6202,5
6203,1
6204,3
6205,0
6206,0
6207,0
6208,5
6209,0
6210,0
6211,2
6212,0
6213,1
6214,0
6215,2
6216,0
6217,1
6218,2
6219,1
6220,4
6221,4
6222,5
6223,0
6224,0
6225,0
6226,1
6227,1
6228,5
6229,4
6230,1
6231,1
6232,4
6233,0
6234,5
6235,0
6236,0
6237,4
6238,4
6239,3
6240,5
6241,1
6242,0
6243,4
6244,4
6245,4
6246,4
6247,4
6248,3
6249,0
6250,3
6251,5
6252,3
6253,5
6254,1
6255,0
6256,5
6257,0
6258,4
6259,0
6260,5
6261,4
6262,0
6263,2
6264,0
6265,4
6266,0
6267,0
6268,2
6269,4
6270,1
6271,0
6272,5
6273,4
6274,0
6275,0
6276,5
6277,2
6278,4
6279,5
6280,0
6281,2
6282,4
6283,4
6284,4
6285,0
6286,3
6287,1
6288,4
6289,0
6290,5
6291,1
6292,0
6293,3
6294,1
6295,3
6296,4
6297,0
6298,5
6299,4
6300,2
6301,0
6302,5
6303,3
6304,0
6305,4
6306,0
6307,1
6308,0
6309,4
6310,0
6311,0
6312,1
6313,3
6314,0
6315,4
6316,5
6317,4
6318,4
6319,4
6320,4
6321,2
6322,5
6323,4
6324,5
6325,3
6326,4
6327,3
6328,0
6329,3
6330,2
6331,0
6332,3
6333,4
6334,1
6335,3
6336,3
6337,4
6338,0
6339,4
6340,1
6341,0
6342,4
6343,3
6344,5
6345,5
6346,3
6347,4
6348,4
6349,5
6350,0
6351,1
6352,5
6353,2
6354,3
6355,2
6356,0
6357,1
6358,0
6359,0
6360,0
6361,0
6362,3
6363,1
6364,1
6365,5
6366,4
6367,5
6368,4
6369,4
6370,0
6371,1
6372,3
6373,0
6374,1
6375,0
6376,4
6377,4
6378,0
6379,4
6380,0
6381,1
6382,0
6383,4
6384,0
6385,0
6386,0
6387,4
6388,4
6389,5
6390,3
6391,5
6392,5
6393,5
6394,4
6395,5
6396,1
6397,4
6398,5
6399,5
6400,4
6401,5
6402,2
6403,1
6404,1
6405,5
6406,3
6407,3
6408,0
6409,0
6410,2
6411,4
6412,0
6413,0
6414,2
6415,4
6416,4
6417,5
6418,0
6419,1
6420,0
6421,4
6422,0
6423,4
6424,1
6425,5
6426,1
6427,1
6428,4
6429,4
6430,4
6431,0
6432,5
6433,0
6434,3
6435,4
6436,1
6437,1
6438,1
6439,5
6440,2
6441,1
6442,5
6443,0
6444,0
6445,0
6446,1
6447,0
6448,5
6449,4
6450,2
6451,3
6452,0
6453,4
6454,1
6455,5
6456,4
6457,1
6458,3
6459,3
6460,1
6461,1
6462,4
6463,0
6464,4
6465,1
6466,1
6467,1
6468,4
6469,2
6470,3
6471,4
6472,5
6473,1
6474,3
6475,2
6476,3
6477,2
6478,0
6479,0
6480,0
6481,0
6482,1
6483,4
6484,4
6485,4
6486,3
6487,0
6488,1
6489,0
6490,1
6491,2
6492,3
6493,2
6494,0
6495,0
6496,0
6497,4
6498,1
6499,5
6500,5
6501,0
6502,0
6503,0
6504,0
6505,0
6506,1
6507,5
6508,4
6509,0
6510,4
6511,0
6512,0
6513,0
6514,4
6515,3
6516,0
6517,0
6518,5
6519,5
6520,3
6521,5
6522,2
6523,1
6524,0
6525,0
6526,5
6527,4
6528,5
6529,0
6530,1
6531,4
6532,1
6533,0
6534,1
6535,3
6536,0
6537,1
6538,0
6539,4
6540,0
6541,4
6542,0
6543,1
6544,0
6545,1
6546,4
6547,1
6548,0
6549,5
6550,0
6551,2
6552,1
6553,4
6554,0
6555,0
6556,4
6557,4
6558,5
6559,5
6560,4
6561,0
6562,0
6563,0
6564,2
6565,4
6566,0
6567,0
6568,4
6569,1
6570,2
6571,1
6572,5
6573,0
6574,4
6575,4
6576,3
6577,4
6578,4
6579,1
6580,4
6581,4
6582,1
6583,1
6584,0
6585,2
6586,1
6587,0
6588,1
6589,0
6590,2
6591,0
6592,5
6593,0
6594,1
6595,2
6596,1
6597,0
6598,0
6599,0
6600,2
6601,1
6602,4
6603,3
6604,2
6605,3
6606,1
6607,1
6608,4
6609,0
6610,0
6611,0
6612,1
6613,2
6614,5
6615,1
6616,0
6617,0
6618,4
6619,4
6620,3
6621,5
6622,0
6623,4
6624,4
6625,0
6626,3
6627,4
6628,0
6629,2
6630,5
6631,3
6632,1
6633,2
6634,1
6635,4
6636,5
6637,1
6638,4
6639,4
6640,2
6641,4
6642,2
6643,5
6644,1
6645,1
6646,3
6647,4
6648,5
6649,2
6650,0
6651,0
6652,4
6653,2
6654,4
6655,0
6656,4
6657,0
6658,1
6659,0
6660,1
6661,2
6662,5
6663,4
6664,2
6665,5
6666,4
6667,4
6668,1
6669,5
6670,2
6671,0
6672,1
6673,5
6674,3
6675,2
6676,5
6677,5
6678,4
6679,0
6680,4
6681,0
6682,4
6683,2
6684,1
6685,0
6686,3
6687,1
6688,0
6689,2
6690,0
6691,0
6692,0
6693,1
6694,5
6695,1
6696,0
6697,4
6698,0
6699,2
6700,3
6701,0
6702,0
6703,3
6704,5
6705,0
6706,4
6707,4
6708,1
6709,3
6710,0
6711,3
6712,2
6713,0
6714,3
6715,4
6716,2
6717,5
6718,0
6719,0
6720,2
6721,4
6722,0
6723,4
6724,4
6725,1
6726,0
6727,4
6728,2
6729,3
6730,0
6731,0
6732,2
6733,4
6734,1
6735,5
6736,4
6737,0
6738,0
6739,5
6740,3
6741,5
6742,5
6743,0
6744,4
6745,2
6746,0
6747,4
6748,1
6749,4
6750,0
6751,4
6752,5
6753,3
6754,4
6755,4
6756,2
6757,4
6758,5
6759,1
6760,5
6761,0
6762,2
6763,5
6764,4
6765,1
6766,0
6767,0
6768,3
6769,0
6770,5
6771,0
6772,4
6773,0
6774,3
6775,0
6776,3
6777,5
6778,2
6779,1
6780,4
6781,5
6782,4
6783,4
6784,1
6785,1
6786,0
6787,1
6788,3
6789,0
6790,0
6791,4
6792,0
6793,5
6794,4
6795,5
6796,4
6797,3
6798,4
6799,5
6800,5
6801,1
6802,3
6803,4
6804,5
6805,4
6806,0
6807,0
6808,3
6809,2
6810,4
6811,4
6812,4
6813,5
6814,2
6815,5
6816,3
6817,4
6818,5
6819,0
6820,4
6821,2
6822,5
6823,0
6824,2
6825,3
6826,0
6827,4
6828,1
6829,1
6830,3
6831,3
6832,4
6833,4
6834,5
6835,4
6836,4
6837,2
6838,0
6839,4
6840,0
6841,1
6842,2
6843,5
6844,3
6845,0
6846,5
6847,0
6848,1
6849,1
6850,3
6851,1
6852,5
6853,5
6854,4
6855,0
6856,0
6857,4
6858,1
6859,5
6860,3
6861,1
6862,4
6863,0
6864,5
6865,3
6866,3
6867,4
6868,5
6869,4
6870,0
6871,5
6872,3
6873,0
6874,3
6875,3
6876,4
6877,0
6878,1
6879,2
6880,0
6881,0
6882,4
6883,1
6884,4
6885,4
6886,0
6887,3
6888,2
6889,4
6890,2
6891,2
6892,0
6893,4
6894,4
6895,4
6896,5
6897,2
6898,5
6899,0
6900,0
6901,4
6902,0
6903,0
6904,1
6905,2
6906,1
6907,0
6908,4
6909,0
6910,2
6911,5
6912,4
6913,1
6914,5
6915,2
6916,4
6917,2
6918,0
6919,1
6920,0
6921,2
6922,5
6923,2
6924,1
6925,0
6926,1
6927,1
6928,2
6929,5
6930,3
6931,0
6932,5
6933,2
6934,4
6935,4
6936,4
6937,2
6938,3
6939,1
6940,4
6941,1
6942,2
6943,1
6944,4
6945,0
6946,5
6947,4
6948,0
6949,4
6950,4
6951,0
6952,5
6953,2
6954,3
6955,1
6956,5
6957,1
6958,3
6959,0
6960,0
6961,2
6962,5
6963,0
6964,0
6965,0
6966,0
6967,2
6968,0
6969,5
6970,1
6971,0
6972,4
6973,4
6974,4
6975,4
6976,5
6977,3
6978,0
6979,5
6980,4
6981,3
6982,2
6983,5
6984,5
6985,4
6986,5
6987,1
6988,4
6989,0
6990,4
6991,0
6992,5
6993,0
6994,1
6995,3
6996,0
6997,4
6998,0
6999,0
7000,5
7001,5
7002,5
7003,1
7004,4
7005,4
7006,4
7007,4
7008,0
7009,2
7010,3
7011,0
7012,0
7013,0
7014,4
7015,4
7016,5
7017,5
7018,2
7019,0
7020,0
7021,0
7022,4
7023,4
7024,5
7025,0
7026,0
7027,4
7028,5
7029,1
7030,1
7031,4
7032,0
7033,0
7034,2
7035,0
7036,0
7037,1
7038,4
7039,5
7040,0
7041,0
7042,0
7043,1
7044,3
7045,3
7046,1
7047,4
7048,1
7049,4
7050,0
7051,1
7052,5
7053,4
7054,4
7055,0
7056,2
7057,5
7058,0
7059,2
7060,0
7061,4
7062,4
7063,4
7064,4
7065,5
7066,2
7067,0
7068,2
7069,1
7070,2
7071,2
7072,3
7073,4
7074,5
7075,4
7076,0
7077,1
7078,3
7079,5
7080,2
7081,4
7082,3
7083,0
7084,4
7085,0
7086,0
7087,4
7088,1
7089,4
7090,4
7091,4
7092,4
7093,5
7094,5
7095,4
7096,4
7097,2
7098,4
7099,4
7100,0
7101,4
7102,2
7103,0
7104,4
7105,0
7106,1
7107,5
7108,0
7109,5
7110,1
7111,1
7112,0
7113,4
7114,3
7115,0
7116,5
7117,4
7118,4
7119,5
7120,0
7121,0
7122,0
7123,0
7124,4
7125,4
7126,4
7127,5
7128,5
7129,4
7130,5
7131,2
7132,3
7133,0
7134,4
7135,0
7136,3
7137,5
7138,5
7139,2
7140,1
7141,0
7142,0
7143,0
7144,5
7145,4
7146,4
7147,5
7148,4
7149,5
7150,3
7151,4
7152,3
7153,4
7154,4
7155,4
7156,4
7157,2
7158,0
7159,5
7160,0
7161,5
7162,5
7163,5
7164,5
7165,2
7166,4
7167,0
7168,3
7169,0
7170,5
7171,5
7172,3
7173,4
7174,5
7175,1
7176,1
7177,4
7178,5
7179,5
7180,0
7181,5
7182,3
7183,4
7184,0
7185,3
7186,4
7187,0
7188,5
7189,3
7190,4
7191,2
7192,4
7193,0
7194,3
7195,0
7196,4
7197,2
7198,0
7199,3
7200,2
7201,0
7202,0
7203,0
7204,4
7205,5
7206,0
7207,5
7208,3
7209,3
7210,3
7211,1
7212,5
7213,5
7214,0
7215,5
7216,4
7217,5
7218,2
7219,4
7220,5
7221,0
7222,2
7223,0
7224,4
7225,4
7226,0
7227,0
7228,5
7229,5
7230,0
7231,0
7232,0
7233,0
7234,4
7235,0
7236,5
7237,3
7238,1
7239,2
7240,4
7241,4
7242,0
7243,2
7244,0
7245,4
7246,0
7247,0
7248,0
7249,1
7250,4
7251,1
7252,2
7253,0
7254,0
7255,0
7256,0
7257,0
7258,0
7259,3
7260,1
7261,4
7262,2
7263,1
7264,0
7265,4
7266,0
7267,5
7268,1
7269,0
7270,0
7271,5
7272,0
7273,2
7274,5
7275,5
7276,4
7277,1
7278,4
7279,0
7280,4
7281,1
7282,4
7283,5
7284,0
7285,0
7286,4
7287,4
7288,5
7289,0
7290,3
7291,2
7292,4
7293,5
7294,4
7295,0
7296,0
7297,4
7298,5
7299,0
7300,0
7301,5
7302,1
7303,5
7304,0
7305,1
7306,5
7307,4
7308,5
7309,2
7310,2
7311,1
7312,5
7313,4
7314,0
7315,5
7316,0
7317,0
7318,1
7319,1
7320,4
7321,2
7322,4
7323,4
7324,0
7325,0
7326,5
7327,0
7328,0
7329,2
7330,4
7331,3
7332,1
7333,1
7334,1
7335,4
7336,0
7337,5
7338,5
7339,2
7340,5
7341,4
7342,4
7343,1
7344,2
7345,5
7346,2
7347,5
7348,4
7349,1
7350,2
7351,4
7352,0
7353,2
7354,0
7355,2
7356,1
7357,4
7358,0
7359,0
7360,0
7361,4
7362,4
7363,0
7364,5
7365,0
7366,0
7367,2
7368,4
7369,4
7370,4
7371,4
7372,1
7373,4
7374,4
7375,0
7376,5
7377,5
7378,2
7379,4
7380,1
7381,5
7382,2
7383,5
7384,4
7385,1
7386,0
7387,3
7388,2
7389,0
7390,0
7391,5
7392,0
7393,4
7394,4
7395,2
7396,0
7397,4
7398,4
7399,0
7400,1
7401,3
7402,3
7403,5
7404,2
7405,4
7406,5
7407,5
7408,4
7409,4
7410,2
7411,2
7412,0
7413,3
7414,3
7415,5
7416,2
7417,4
7418,5
7419,4
7420,5
7421,0
7422,2
7423,0
7424,0
7425,2
7426,3
7427,0
7428,1
7429,0
7430,2
7431,4
7432,0
7433,1
7434,0
7435,3
7436,4
7437,2
7438,5
7439,4
7440,0
7441,1
7442,1
7443,2
7444,0
7445,0
7446,5
7447,1
7448,3
7449,3
7450,4
7451,1
7452,1
7453,0
7454,0
7455,0
7456,3
7457,4
7458,4
7459,4
7460,5
7461,5
7462,0
7463,4
7464,0
7465,5
7466,3
7467,3
7468,4
7469,5
7470,4
7471,0
7472,4
7473,0
7474,0
7475,4
7476,2
7477,5
7478,0
7479,0
7480,0
7481,0
7482,3
7483,3
7484,4
7485,4
7486,4
7487,3
7488,5
7489,4
7490,5
7491,0
7492,1
7493,0
7494,0
7495,0
7496,0
7497,0
7498,0
7499,0
7500,0
7501,1
7502,5
7503,5
7504,0
7505,0
7506,4
7507,4
7508,0
7509,0
7510,3
7511,4
7512,0
7513,5
7514,3
7515,0
7516,4
7517,1
7518,3
7519,5
7520,0
7521,2
7522,4
7523,4
7524,0
7525,4
7526,0
7527,4
7528,0
7529,4
7530,3
7531,0
7532,3
7533,3
7534,0
7535,5
7536,5
7537,4
7538,4
7539,0
7540,1
7541,4
7542,1
7543,1
7544,0
7545,5
7546,1
7547,1
7548,3
7549,4
7550,4
7551,1
7552,1
7553,3
7554,4
7555,0
7556,1
7557,2
7558,3
7559,0
7560,3
7561,0
7562,4
7563,1
7564,0
7565,0
7566,5
7567,0
7568,5
7569,0
7570,2
7571,5
7572,1
7573,2
7574,0
7575,0
7576,5
7577,0
7578,4
7579,1
7580,4
7581,0
7582,2
7583,1
7584,4
7585,1
7586,5
7587,5
7588,1
7589,0
7590,0
7591,4
7592,0
7593,0
7594,4
7595,0
7596,0
7597,5
7598,5
7599,5
7600,0
7601,2
7602,3
7603,4
7604,2
7605,0
7606,4
7607,5
7608,1
7609,3
7610,3
7611,0
7612,0
7613,0
7614,4
7615,2
7616,5
7617,5
7618,4
7619,0
7620,0
7621,5
7622,0
7623,5
7624,3
7625,5
7626,0
7627,3
7628,0
7629,3
7630,5
7631,0
7632,5
7633,3
7634,2
7635,0
7636,0
7637,5
7638,4
7639,4
7640,2
7641,1
7642,0
7643,5
7644,0
7645,1
7646,2
7647,2
7648,2
7649,2
7650,5
7651,1
7652,4
7653,5
7654,2
7655,4
7656,0
7657,1
7658,2
7659,0
7660,0
7661,0
7662,0
7663,1
7664,0
7665,1
7666,5
7667,4
7668,4
7669,4
7670,4
7671,4
7672,0
7673,3
7674,1
7675,1
7676,0
7677,1
7678,3
7679,0
7680,0
7681,4
7682,0
7683,5
7684,5
7685,5
7686,1
7687,0
7688,1
7689,5
7690,0
7691,5
7692,4
7693,0
7694,0
7695,1
7696,0
7697,4
7698,1
7699,2
7700,4
7701,4
7702,0
7703,1
7704,0
7705,4
7706,2
7707,1
7708,5
7709,0
7710,1
7711,3
7712,2
7713,2
7714,5
7715,0
7716,4
7717,0
7718,2
7719,1
7720,4
7721,3
7722,4
7723,4
7724,5
7725,2
7726,4
7727,4
7728,1
7729,1
7730,3
7731,2
7732,0
7733,5
7734,4
7735,4
7736,4
7737,5
7738,2
7739,0
7740,4
7741,3
7742,0
7743,3
7744,3
7745,0
7746,5
7747,5
7748,4
7749,2
7750,3
7751,2
7752,0
7753,4
7754,3
7755,0
7756,4
7757,2
7758,3
7759,4
7760,1
7761,1
7762,3
7763,0
7764,0
7765,3
7766,0
7767,5
7768,2
7769,0
7770,4
7771,0
7772,3
7773,2
7774,2
7775,4
7776,0
7777,5
7778,4
7779,3
7780,5
7781,1
7782,4
7783,1
7784,2
7785,5
7786,0
7787,5
7788,5
7789,1
7790,0
7791,0
7792,3
7793,4
7794,5
7795,3
7796,4
7797,5
7798,3
7799,4
7800,0
7801,1
7802,4
7803,4
7804,2
7805,5
7806,4
7807,0
7808,5
7809,4
7810,5
7811,4
7812,4
7813,0
7814,4
7815,2
7816,4
7817,5
7818,1
7819,0
7820,5
7821,4
7822,5
7823,4
7824,3
7825,0
7826,4
7827,0
7828,4
7829,0
7830,4
7831,0
7832,2
7833,0
7834,0
7835,3
7836,0
7837,3
7838,0
7839,5
7840,0
7841,4
7842,0
7843,5
7844,4
7845,5
7846,0
7847,5
7848,1
7849,5
7850,4
7851,0
7852,0
7853,0
7854,2
7855,3
7856,0
7857,3
7858,1
7859,4
7860,0
7861,5
7862,1
7863,0
7864,0
7865,4
7866,4
7867,0
7868,2
7869,2
7870,0
7871,4
7872,0
7873,5
7874,1
7875,3
7876,0
7877,1
7878,0
7879,4
7880,5
7881,0
7882,4
7883,3
7884,5
7885,4
7886,4
7887,5
7888,1
7889,5
7890,1
7891,0
7892,5
7893,4
7894,5
7895,2
7896,0
7897,5
7898,0
7899,5
7900,2
7901,1
7902,4
7903,0
7904,0
7905,5
7906,4
7907,0
7908,4
7909,4
7910,4
7911,0
7912,1
7913,2
7914,2
7915,2
7916,5
7917,4
7918,0
7919,5
7920,0
7921,4
7922,4
7923,0
7924,5
7925,5
7926,4
7927,0
7928,3
7929,0
7930,4
7931,4
7932,3
7933,0
7934,3
7935,3
7936,2
7937,0
7938,4
7939,4
7940,0
7941,1
7942,0
7943,5
7944,1
7945,4
7946,0
7947,4
7948,4
7949,1
7950,4
7951,4
7952,1
7953,1
7954,0
7955,5
7956,0
7957,0
7958,2
7959,0
7960,0
7961,0
7962,2
7963,5
7964,0
7965,0
7966,3
7967,4
7968,1
7969,1
7970,0
7971,1
7972,4
7973,0
7974,4
7975,3
7976,4
7977,0
7978,1
7979,4
7980,5
7981,5
7982,5
7983,4
7984,0
7985,3
7986,4
7987,2
7988,4
7989,5
7990,2
7991,0
7992,4
7993,4
7994,3
7995,4
7996,5
7997,1
7998,0
7999,2
8000,3
8001,0
8002,0
8003,5
8004,4
8005,0
8006,4
8007,0
8008,5
8009,4
8010,4
8011,0
8012,0
8013,2
8014,4
8015,1
8016,3
8017,0
8018,4
8019,1
8020,5
8021,1
8022,3
8023,0
8024,0
8025,0
8026,2
8027,4
8028,1
8029,3
8030,1
8031,5
8032,2
8033,2
8034,4
8035,0
8036,0
8037,0
8038,3
8039,4
8040,4
8041,0
8042,5
8043,0
8044,0
8045,0
8046,4
8047,3
8048,0
8049,1
8050,3
8051,4
8052,1
8053,0
8054,1
8055,0
8056,0
8057,3
8058,0
8059,1
8060,4
8061,4
8062,4
8063,0
8064,0
8065,5
8066,3
8067,5
8068,5
8069,4
8070,5
8071,0
8072,1
8073,5
8074,0
8075,4
8076,4
8077,4
8078,0
8079,0
8080,0
8081,0
8082,4
8083,1
8084,5
8085,3
8086,2
8087,0
8088,5
8089,2
8090,4
8091,0
8092,2
8093,0
8094,0
8095,0
8096,4
8097,0
8098,3
8099,1
